{
  "kedai-panel.my.id": {
    "zone": "5d00f56aee3afd9cc4e0666bc8f23746",
    "apiToken": "mjR4BdiOo6aFO3uPl8BTgZIgOMH3asLbgVsOpEfO"
  },
  "piwzstoreee.my.id": {
    "zone": "f374d347f22dc1b0ac208973f185c1f2",
    "apiToken": "m7Xe_0qhlv8enPURlO7UYRSR1-3C7u-uOUkZtvZa"
  },
  "piwzpediaaa.biz.id": {
    "zone": "c1812c92fb249258e67a28573ca34344",
    "apiToken": "mqAjTHuT_GsaZsWcIjbllV-rrrtJHwyVxVeYlL1A"
  },
  "piwzpanel.me": {
    "zone": "3cea2e71ec2bc82ea7865da5999d04b1",
    "apiToken": "eyOrW0eUPe0VxhQzzubXhY1w8X_Z120crfqpsNwL"
  },
  "r0ulxye4.my.id": {
    "zone": "c2c8ddf4f1bfd0d0c11eb0ed83a634f9",
    "apiToken": "RHmElwWM5pEb3HsWi82uramdhi9wzDsaU8F9JV6F"
  },
  "lanzpanel.my.id": {
    "zone": "7432f024eeeaa0367fd985a18b2729cc",
    "apiToken": "RsbJAI6X7s7bPEj23R7sf28cqHibApP1EBSoF4FZ"
  },
  "cpanel-vip.my.id": {
    "zone": "891a2e5d4ac5b3db4fbcef8d9088ad38",
    "apiToken": "V2BCJ-jhHXQlkN5-_Jv-CuXEtJbLT9fo7NWAlMK2"
  },
  "tokopanellku.my.id": {
    "zone": "5f4a582dd80c518fb2c7a425256fb491",
    "apiToken": "iQbJQgfe6kTyEfdOy_EV8UAHKj80VgQg4t6rTjby"
  },
  "kiospanell.my.id": {
    "zone": "15b97d8a42af1c00a70070e577ce7301",
    "apiToken": "RsbJAI6X7s7bPEj23R7sf28cqHibApP1EBSoF4FZ"
  },
  "moon-offc.my.id": {
    "zone": "e60307683c18389584e9ae2f9fa707b2",
    "apiToken": "9hc8x5B4TewRTpXxETV_laVGksk3MyCfBXOgHgmg"
  },
  "moon-offc.biz.id": {
    "zone": "ba364ec1df6998c10487aee2a61b7f0d",
    "apiToken": "hnM3i7bBHzcIRXqveYKR3KTnsfrkigkhar2vEUcP"
  },
  "tokopanellmurah.my.id": {
    "zone": "2feafa10ec4054af7cb04b18515013e5",
    "apiToken": "8WA6BgIuvFO5AL3xJZf3bsM0ts8aIZiFbxj90icK"
  },
  "bisnispanel.my.id": {
    "zone": "2dc001900c742f289eef7dbae7ab784b",
    "apiToken": "RsbJAI6X7s7bPEj23R7sf28cqHibApP1EBSoF4FZ"
  },
  "tokopanel.biz.id": {
    "zone": "77c6588b3b36e74d07538e62ef91d6ba",
    "apiToken": "SgON4r6174fMe3h3B9wyP3caEtwUIfnVuNvSpl1k"
  },
  "store-panel.biz.id": {
    "zone": "4049d75623d46e90d616fdf878a5ed84",
    "apiToken": "qwAWquCm1cqKEzZnZUEuAbfFq3PCOLleQZifxPog"
  },
  "shopwebsite.my.id": {
    "zone": "d28c394ba64bf4ecfec1917829d8bced",
    "apiToken": "86ZA4NPGG6ijzlhuRKqc3X3qbH8mgvlzOPsrBApB"
  },
  "sellerpanel.biz.id": {
    "zone": "8080d914883ed0b9e17d281f593df945",
    "apiToken": "BP2uUPgVfrM4pHW_ivo2AawAyiLqOMYoLYyS2BF7"
  },
  "mypanel.my.id": {
    "zone": "cada0ecef8f1e8d904435d469aef1b05",
    "apiToken": "54kx4yvi3CBqomC99WSaqZo9tbxHoe9U-ncBIVMx"
  },
  "kangpanel.biz.id": {
    "zone": "d318f96a6327c5340d136415e860f545",
    "apiToken": "RTe9hBdh_-nt0wzOvYN183JyQC011yaiodQ7Po1b"
  },
  "jasapanel.my.id": {
    "zone": "8132a433dc4eea653e38e168f2f45fc0",
    "apiToken": "33F2gfJ0cEoLv4NlEqLYGd6Ahc5_dzyUH_ClKuX_"
  },
  "dewapanel.my.id": {
    "zone": "5024bc4a02924cf69ddf4dfa6ee96069",
    "apiToken": "OajJ0jtCB0FTFwfdiTB_ktzNKFWAmsENFdlE4Hvd"
  },
  "adminpanel.biz.id": {
    "zone": "98264c6c53c5bc9080230b077422d748",
    "apiToken": "1W9IHC9mLAKj8hQaMjczy0gA3Of7kPjJ3gAvTlnZ"
  },
  "plerkuda.my.id": {
    "zone": "9b28f4ad0f06b36dd94cc56b01efc19a",
    "apiToken": "bMiZlOhkSzozUq1jMLO5bk4OeZr0GllyVtVWX1F4"
  },
  "cafegt.my.id": {
    "zone": "2bb49b2de0cbf75c0462ed90d7d333e1",
    "apiToken": "lZ0XMXdnwp2L1DsI3f8frkPwvkQ6ENee2PnAfOsY"
  },
  "sellerpanel-vvip.my.id": {
    "zone": "946d5f35d0657cb8bfa442675b37ec42",
    "apiToken": "9IJl3ihBj_McQT6aG0D5MBFQH3YmB1PO7Z34XLr1"
  },
  "ekioffcial.biz.id": {
    "zone": "4a4818365a74cf535d5b6f16dc62481d",
    "apiToken": "8-zhtsEm27FKPsczF3ro2PipM9i1n8k2rzCyOmvj"
  },
  "panelku-jasteb.my.id": {
    "zone": "725378afbddffcc9e2c2992ba4232421",
    "apiToken": "MAe0GRPPRxS77oPYXTvImAKNTWit55R63AxuNT1B"
  },
  "pannel-pvrt.my.id": {
    "zone": "705b7ba658c5f033b91b1b7985f53244",
    "apiToken": "Ucf7fYmbCbDuNDGJ1J3KE8noSS3tgNHRQMxCJZk8"
  },
  "sellerpanell.my.id": {
    "zone": "128fe0f8f9f09ecce73e5c34c6a31444",
    "apiToken": "5Mp2HncEE28HzVOpjmvrM_vU1UuWPvGEhhbJ4h6-"
  },
  "pannelkuu.biz.id": {
    "zone": "bc4748bba0b75e8273b04c3dea2dc59c",
    "apiToken": "JKZrkLdzdd7hmT9XVcsXpoVsXmWQ61bQN6r2_oq-"
  },
  "server-smtp1.my.id": {
    "zone": "3f5d5b68ea37bf7b8a10a9a96b544622",
    "apiToken": "fTKJuqbdce2A-9oeoqhJ9vLfo-EUnLqCCz9OAmKG"
  },
  "my-website.my.id": {
    "zone": "a0206c68c9b356bdf0a96fbb5d61fbdc",
    "apiToken": "8-zhtsEm27FKPsczF3ro2PipM9i1n8k2rzCyOmvj"
  },
  "smtp1.my.id": {
    "zone": "80e208bb5900abc50d4483bdb8590d42",
    "apiToken": "3XpwIR878Fi0IoVyaJl1ggGgyJXuy_pB3g0M8pjz"
  },
  "mefahri.biz.id": {
    "zone": "3d253d788a5ed8fecddba97d3e52cf65",
    "apiToken": "_Y8BhYGmFb_aJEWHml7oQ2j70GPE6raCm_Ud99Yl"
  },
  "windastore.live": {
    "zone": "fc1ee81d43fce2e42edcef622e5cf370",
    "apiToken": "F3bZqMzcRMxxinfwtcLVSLkfu85eNyxQ52JvDSyu"
  },
  "azam-shop.me": {
    "zone": "1cf339620ce2108d9228f62c7fafdbf5",
    "apiToken": "Ov1LjwjSpExHALumQJgUUeJjvWVXafT0yon9Xy0q"
  },
  "panelmarket.my.id": {
    "zone": "31a58ccc899576be8ab7205a4af406b9",
    "apiToken": "XHBvZKfrGeKiOOrmckMiGzUJj3md74xmq6gwCAhu"
  },
  "panell-hosting.xyz": {
    "zone": "cacb704c40e3106dce1d01093742f96a",
    "apiToken": "8CUiVoNaSylN3LzsscbK6j2ZPchXwpeXmjYudNgP"
  }
}